{"AUS": {"TIME": 2015.0, "Value": 8196.553}, "AUT": {"TIME": 2015.0, "Value": 9651.803}, "BEL": {"TIME": 2015.0, "Value": 3632.752}, "CAN": {"TIME": 2015.0, "Value": 48902.242999999995}, "CZE": {"TIME": 2015.0, "Value": 4278.862}, "DNK": {"TIME": 2015.0, "Value": 4761.345}, "FIN": {"TIME": 2015.0, "Value": 10487.885}, "FRA": {"TIME": 2015.0, "Value": 21812.8}, "DEU": {"TIME": 2015.0, "Value": 38351.525}, "GRC": {"TIME": 2015.0, "Value": 2777.198}, "HUN": {"TIME": 2015.0, "Value": 3014.002}, "ISL": {"TIME": 2015.0, "Value": 4930.217000000001}, "IRL": {"TIME": 2015.0, "Value": 1070.259}, "ITA": {"TIME": 2015.0, "Value": 26266.185}, "JPN": {"TIME": 2015.0, "Value": 22874.096}, "KOR": {"TIME": 2015.0, "Value": 4003.31}, "LUX": {"TIME": 2015.0, "Value": 204.627}, "MEX": {"TIME": 2015.0, "Value": 15466.788999999999}, "NLD": {"TIME": 2015.0, "Value": 3645.363}, "NZL": {"TIME": 2015.0, "Value": 8366.326}, "NOR": {"TIME": 2015.0, "Value": 13422.851}, "POL": {"TIME": 2015.0, "Value": 8986.63}, "PRT": {"TIME": 2015.0, "Value": 4966.4220000000005}, "SVK": {"TIME": 2015.0, "Value": 1575.649}, "ESP": {"TIME": 2015.0, "Value": 16617.375}, "SWE": {"TIME": 2015.0, "Value": 19192.414}, "CHE": {"TIME": 2015.0, "Value": 5461.346}, "TUR": {"TIME": 2015.0, "Value": 15673.256000000001}, "GBR": {"TIME": 2015.0, "Value": 14739.58}, "USA": {"TIME": 2015.0, "Value": 147047.892}, "CHL": {"TIME": 2015.0, "Value": 9673.924}, "EST": {"TIME": 2015.0, "Value": 905.368}, "ISR": {"TIME": 2015.0, "Value": 480.39300000000003}, "LVA": {"TIME": 2015.0, "Value": 1536.8310000000001}, "LTU": {"TIME": 2015.0, "Value": 1417.1860000000001}, "SVN": {"TIME": 2015.0, "Value": 1056.705}, "OECD": {"TIME": 2015.0, "Value": 504030.776}}