{"AUS": {"Value": 8196.553}, "AUT": {"Value": 9651.803}, "BEL": {"Value": 3632.752}, "CAN": {"Value": 48902.242999999995}, "CZE": {"Value": 4278.862}, "DNK": {"Value": 4761.345}, "FIN": {"Value": 10487.885}, "FRA": {"Value": 21812.8}, "DEU": {"Value": 38351.525}, "GRC": {"Value": 2777.198}, "HUN": {"Value": 3014.002}, "ISL": {"Value": 4930.217000000001}, "IRL": {"Value": 1070.259}, "ITA": {"Value": 26266.185}, "JPN": {"Value": 22874.096}, "KOR": {"Value": 4003.31}, "LUX": {"Value": 204.627}, "MEX": {"Value": 15466.788999999999}, "NLD": {"Value": 3645.363}, "NZL": {"Value": 8366.326}, "NOR": {"Value": 13422.851}, "POL": {"Value": 8986.63}, "PRT": {"Value": 4966.4220000000005}, "SVK": {"Value": 1575.649}, "ESP": {"Value": 16617.375}, "SWE": {"Value": 19192.414}, "CHE": {"Value": 5461.346}, "TUR": {"Value": 15673.256000000001}, "GBR": {"Value": 14739.58}, "USA": {"Value": 147047.892}, "CHL": {"Value": 9673.924}, "EST": {"Value": 905.368}, "ISR": {"Value": 480.39300000000003}, "LVA": {"Value": 1536.8310000000001}, "LTU": {"Value": 1417.1860000000001}, "SVN": {"Value": 1056.705}}
